mean_fit_time,std_fit_time,mean_score_time,std_score_time,param_model__max_depth,param_model__min_samples_leaf,param_model__min_samples_split,params,split0_test_score,split1_test_score,split2_test_score,split3_test_score,split4_test_score,mean_test_score,std_test_score,rank_test_score
0.10191531181335449,0.003709908824380426,0.004503011703491211,0.0005837871973063599,7,50,10,"{'model__max_depth': 7, 'model__min_samples_leaf': 50, 'model__min_samples_split': 10}",0.5335805828042213,0.539423055596093,0.5310188254569597,0.5336700057221175,0.5007344688345677,0.5276853876827918,0.01375358615632373,1
0.10746774673461915,0.00584201276810003,0.004636287689208984,0.0013971871228801176,7,50,2,"{'model__max_depth': 7, 'model__min_samples_leaf': 50, 'model__min_samples_split': 2}",0.5335805828042213,0.539423055596093,0.5310188254569597,0.5336700057221175,0.5007344688345677,0.5276853876827918,0.01375358615632373,1
0.10701141357421876,0.007025412747285211,0.0064427852630615234,0.0026135933957933235,7,50,50,"{'model__max_depth': 7, 'model__min_samples_leaf': 50, 'model__min_samples_split': 50}",0.5335805828042213,0.539423055596093,0.5310188254569597,0.5336700057221175,0.5007344688345677,0.5276853876827918,0.01375358615632373,1
0.1026115894317627,0.003802912911142004,0.005852842330932617,0.00196203276182262,7,50,20,"{'model__max_depth': 7, 'model__min_samples_leaf': 50, 'model__min_samples_split': 20}",0.5335805828042213,0.539423055596093,0.5310188254569597,0.5336700057221175,0.5007344688345677,0.5276853876827918,0.01375358615632373,1
0.0973893642425537,0.008400832604336633,0.004220008850097656,0.0009387109599627856,6,50,50,"{'model__max_depth': 6, 'model__min_samples_leaf': 50, 'model__min_samples_split': 50}",0.5340459306725704,0.5369474180875219,0.5309589409575604,0.5300440998469864,0.5056607950644731,0.5275314369258225,0.011202549390958058,5
0.09220724105834961,0.009013152255411664,0.00673980712890625,0.001915379280107067,6,50,2,"{'model__max_depth': 6, 'model__min_samples_leaf': 50, 'model__min_samples_split': 2}",0.5340459306725704,0.5369474180875219,0.5309589409575604,0.5300440998469864,0.5056607950644731,0.5275314369258225,0.011202549390958058,5
0.09558753967285157,0.006635033713950891,0.0067593097686767575,0.003022056153180213,6,50,20,"{'model__max_depth': 6, 'model__min_samples_leaf': 50, 'model__min_samples_split': 20}",0.5340459306725704,0.5369474180875219,0.5309589409575604,0.5300440998469864,0.5056607950644731,0.5275314369258225,0.011202549390958058,5
0.09941582679748535,0.006629352674573179,0.005628013610839843,0.001337531072780149,6,50,10,"{'model__max_depth': 6, 'model__min_samples_leaf': 50, 'model__min_samples_split': 10}",0.5340459306725704,0.5369474180875219,0.5309589409575604,0.5300440998469864,0.5056607950644731,0.5275314369258225,0.011202549390958058,5
0.10132641792297363,0.00618469064355425,0.00552663803100586,0.0018792229272084583,7,30,50,"{'model__max_depth': 7, 'model__min_samples_leaf': 30, 'model__min_samples_split': 50}",0.5332152798161613,0.5334426059205966,0.5198552883202864,0.545069776114455,0.5008486325746394,0.5264863165492277,0.015101491666933276,9
0.10744819641113282,0.007013649926613882,0.004781007766723633,0.001785733938409412,7,30,10,"{'model__max_depth': 7, 'model__min_samples_leaf': 30, 'model__min_samples_split': 10}",0.5332152798161613,0.5334426059205966,0.5198552883202864,0.545069776114455,0.5008486325746394,0.5264863165492277,0.015101491666933276,9
0.10514001846313477,0.007534748319618606,0.005445241928100586,0.0023949567777798897,7,30,2,"{'model__max_depth': 7, 'model__min_samples_leaf': 30, 'model__min_samples_split': 2}",0.5332152798161613,0.5334426059205966,0.5198552883202864,0.545069776114455,0.5008486325746394,0.5264863165492277,0.015101491666933276,9
0.10081496238708496,0.0063209051737274586,0.004731655120849609,0.0011023211778043683,7,30,20,"{'model__max_depth': 7, 'model__min_samples_leaf': 30, 'model__min_samples_split': 20}",0.5332152798161613,0.5334426059205966,0.5198552883202864,0.545069776114455,0.5008486325746394,0.5264863165492277,0.015101491666933276,9
0.12886576652526854,0.006984939598463474,0.006851768493652344,0.002496126606717382,6,30,2,"{'model__max_depth': 6, 'model__min_samples_leaf': 30, 'model__min_samples_split': 2}",0.5289089678859823,0.5355128758122281,0.5275128910230844,0.5355510568701268,0.5013758508257178,0.5257723284834278,0.012637705313265447,13
0.12372655868530273,0.014355638976542727,0.010185956954956055,0.0025483682573379006,6,30,10,"{'model__max_depth': 6, 'model__min_samples_leaf': 30, 'model__min_samples_split': 10}",0.5289089678859823,0.5355128758122281,0.5275128910230844,0.5355510568701268,0.5013758508257178,0.5257723284834278,0.012637705313265447,13
0.11981487274169922,0.02700896762711381,0.009343957901000977,0.0030888935394669447,6,30,20,"{'model__max_depth': 6, 'model__min_samples_leaf': 30, 'model__min_samples_split': 20}",0.5289089678859823,0.5355128758122281,0.5275128910230844,0.5355510568701268,0.5013758508257178,0.5257723284834278,0.012637705313265447,13
0.09276762008666992,0.011847587670459533,0.006720781326293945,0.0035977515011134426,6,30,50,"{'model__max_depth': 6, 'model__min_samples_leaf': 30, 'model__min_samples_split': 50}",0.5289089678859823,0.5355128758122281,0.5275128910230844,0.5355510568701268,0.5013758508257178,0.5257723284834278,0.012637705313265447,13
0.11008257865905761,0.004890157298248105,0.00503082275390625,0.0015368754055378397,7,20,50,"{'model__max_depth': 7, 'model__min_samples_leaf': 20, 'model__min_samples_split': 50}",0.5305217194376274,0.536584660305867,0.5166461440186514,0.5409765849559001,0.49954254835421225,0.5248543314144516,0.015084479866233062,17
0.11457481384277343,0.01082728832521424,0.006094932556152344,0.0016101360257498643,6,20,50,"{'model__max_depth': 6, 'model__min_samples_leaf': 20, 'model__min_samples_split': 50}",0.5272108497862056,0.5374579944438488,0.5248473805674867,0.5359928500858351,0.49872021415921763,0.5248458578085187,0.013938894309107662,18
0.09583563804626465,0.01474069571836779,0.0048716068267822266,0.0019663573720665427,6,20,20,"{'model__max_depth': 6, 'model__min_samples_leaf': 20, 'model__min_samples_split': 20}",0.5267663469241868,0.5374579944438488,0.525062408597436,0.5358647187343055,0.4987178150601148,0.5247738567519784,0.013905863197941749,19
0.10034222602844238,0.00422230551988146,0.004588651657104492,0.0009974587041720335,6,20,10,"{'model__max_depth': 6, 'model__min_samples_leaf': 20, 'model__min_samples_split': 10}",0.5267663469241868,0.5374579944438488,0.525062408597436,0.5358647187343055,0.4987178150601148,0.5247738567519784,0.013905863197941749,19
0.09999003410339355,0.003070041563830033,0.0075286865234375,0.0026141285943867784,6,20,2,"{'model__max_depth': 6, 'model__min_samples_leaf': 20, 'model__min_samples_split': 2}",0.5267663469241868,0.5374579944438488,0.525062408597436,0.5358647187343055,0.4987178150601148,0.5247738567519784,0.013905863197941749,19
0.10558719635009765,0.0020012069613549455,0.005247926712036133,0.0016301631767089283,7,20,10,"{'model__max_depth': 7, 'model__min_samples_leaf': 20, 'model__min_samples_split': 10}",0.5288842619030549,0.5356730783242211,0.5171604169362668,0.5404572299649084,0.499092500173682,0.5242534974604267,0.014817552627140799,22
0.10368909835815429,0.005662129798354502,0.005885934829711914,0.0023669993492303827,7,20,2,"{'model__max_depth': 7, 'model__min_samples_leaf': 20, 'model__min_samples_split': 2}",0.5288842619030549,0.5356730783242211,0.5171604169362668,0.5404572299649084,0.499092500173682,0.5242534974604267,0.014817552627140799,22
0.10814418792724609,0.004078330320885997,0.006114959716796875,0.0025199109814481456,7,20,20,"{'model__max_depth': 7, 'model__min_samples_leaf': 20, 'model__min_samples_split': 20}",0.5288842619030549,0.5356730783242211,0.5171604169362668,0.5404572299649084,0.499092500173682,0.5242534974604267,0.014817552627140799,22
0.11336135864257812,0.005059960071234318,0.004436206817626953,0.001625543239346297,8,50,50,"{'model__max_depth': 8, 'model__min_samples_leaf': 50, 'model__min_samples_split': 50}",0.5293833341124418,0.5395672022631474,0.5194963593947489,0.536150361493391,0.49484067390642955,0.5238875862340318,0.016058862036561292,25
0.11029753684997559,0.006126580550146126,0.005556344985961914,0.0013153366447440822,8,50,20,"{'model__max_depth': 8, 'model__min_samples_leaf': 50, 'model__min_samples_split': 20}",0.5293833341124418,0.5395672022631474,0.5194963593947489,0.536150361493391,0.49484067390642955,0.5238875862340318,0.016058862036561292,25
0.1145249366760254,0.006803599977119005,0.004984712600708008,0.0017037543040707285,8,50,10,"{'model__max_depth': 8, 'model__min_samples_leaf': 50, 'model__min_samples_split': 10}",0.5293833341124418,0.5395672022631474,0.5194963593947489,0.536150361493391,0.49484067390642955,0.5238875862340318,0.016058862036561292,25
0.10533113479614258,0.00540825433431938,0.0051705360412597655,0.0019871441799061804,8,50,2,"{'model__max_depth': 8, 'model__min_samples_leaf': 50, 'model__min_samples_split': 2}",0.5293833341124418,0.5395672022631474,0.5194963593947489,0.536150361493391,0.49484067390642955,0.5238875862340318,0.016058862036561292,25
0.10550804138183593,0.0103499543192565,0.00511775016784668,0.0018184344208589432,8,30,2,"{'model__max_depth': 8, 'model__min_samples_leaf': 30, 'model__min_samples_split': 2}",0.5286408869334747,0.5296815372762175,0.5221025564432502,0.5379130411850044,0.4956339123976043,0.5227943868471103,0.014480042229991644,29
0.11271834373474121,0.004267748494021536,0.0065476417541503905,0.002118776854072369,8,30,50,"{'model__max_depth': 8, 'model__min_samples_leaf': 30, 'model__min_samples_split': 50}",0.5286408869334747,0.5296815372762175,0.5221025564432502,0.5379130411850044,0.4956339123976043,0.5227943868471103,0.014480042229991644,29
0.11149330139160156,0.005380269488195255,0.005046987533569336,0.002950986324595763,8,30,10,"{'model__max_depth': 8, 'model__min_samples_leaf': 30, 'model__min_samples_split': 10}",0.5286408869334747,0.5296815372762175,0.5221025564432502,0.5379130411850044,0.4956339123976043,0.5227943868471103,0.014480042229991644,29
0.11070785522460938,0.006549879209959922,0.0053860187530517575,0.002061887004208827,8,30,20,"{'model__max_depth': 8, 'model__min_samples_leaf': 30, 'model__min_samples_split': 20}",0.5286408869334747,0.5296815372762175,0.5221025564432502,0.5379130411850044,0.4956339123976043,0.5227943868471103,0.014480042229991644,29
0.08889479637145996,0.006807740775234109,0.00938401222229004,0.00402490590577131,5,20,50,"{'model__max_depth': 5, 'model__min_samples_leaf': 20, 'model__min_samples_split': 50}",0.5261171221726854,0.5317784301229317,0.5294052265652751,0.524627647417272,0.4969822743126203,0.5217821401181568,0.0126487911360321,33
0.08172621726989746,0.006279212526923284,0.007279348373413086,0.001431325326516805,5,20,20,"{'model__max_depth': 5, 'model__min_samples_leaf': 20, 'model__min_samples_split': 20}",0.5257797482503762,0.5317784301229317,0.5294052265652751,0.524627647417272,0.4969818946420009,0.5217145893995712,0.012626514987023068,34
0.08849620819091797,0.009051286681790621,0.0059932231903076175,0.0022242403631020364,5,20,10,"{'model__max_depth': 5, 'model__min_samples_leaf': 20, 'model__min_samples_split': 10}",0.5257797482503762,0.5317784301229317,0.5294052265652751,0.524627647417272,0.4969818946420009,0.5217145893995712,0.012626514987023068,34
0.0822629451751709,0.00750808886893679,0.004527378082275391,0.0013488688704007918,5,20,2,"{'model__max_depth': 5, 'model__min_samples_leaf': 20, 'model__min_samples_split': 2}",0.5257797482503762,0.5317784301229317,0.5294052265652751,0.524627647417272,0.4969818946420009,0.5217145893995712,0.012626514987023068,34
0.1053842544555664,0.0031596780418555845,0.0064411163330078125,0.0020004583018730752,6,10,50,"{'model__max_depth': 6, 'model__min_samples_leaf': 10, 'model__min_samples_split': 50}",0.5245283298915397,0.5224751565850527,0.5284444749791039,0.5304391433531476,0.4994185158548592,0.5210611241327406,0.01117930776782425,37
0.08254647254943848,0.007671233254862567,0.004315757751464843,0.0006407708315434746,5,50,2,"{'model__max_depth': 5, 'model__min_samples_leaf': 50, 'model__min_samples_split': 2}",0.5237282643716701,0.5207281128704323,0.5333226993325206,0.5229325211653746,0.5042726896398501,0.5209968574759695,0.009411734893150862,38
0.08814001083374023,0.011957217738332993,0.007817983627319336,0.0051435490265812536,5,50,50,"{'model__max_depth': 5, 'model__min_samples_leaf': 50, 'model__min_samples_split': 50}",0.5237282643716701,0.5207281128704323,0.5333226993325206,0.5229325211653746,0.5042726896398501,0.5209968574759695,0.009411734893150862,38
0.08600177764892578,0.008925413613561917,0.006621408462524414,0.0026811441486307122,5,50,20,"{'model__max_depth': 5, 'model__min_samples_leaf': 50, 'model__min_samples_split': 20}",0.5237282643716701,0.5207281128704323,0.5333226993325206,0.5229325211653746,0.5042726896398501,0.5209968574759695,0.009411734893150862,38
0.07585000991821289,0.006106499817848317,0.0071030139923095705,0.002643774012604885,5,50,10,"{'model__max_depth': 5, 'model__min_samples_leaf': 50, 'model__min_samples_split': 10}",0.5237282643716701,0.5207281128704323,0.5333226993325206,0.5229325211653746,0.5042726896398501,0.5209968574759695,0.009411734893150862,38
0.13264012336730957,0.017306770989316572,0.004442453384399414,0.0009116545488090069,7,5,50,"{'model__max_depth': 7, 'model__min_samples_leaf': 5, 'model__min_samples_split': 50}",0.5259566570346025,0.5190003622745408,0.5262131418511306,0.5384090389861568,0.495025795574187,0.5209209991441235,0.014376693474168985,42
0.10626826286315919,0.004398237607122852,0.006516170501708984,0.0024479648590311105,7,10,50,"{'model__max_depth': 7, 'model__min_samples_leaf': 10, 'model__min_samples_split': 50}",0.5271013869187463,0.5231764450149676,0.5223911715317509,0.5368881569689661,0.49342188691755995,0.5205958094703982,0.014533190954525007,43
0.11591496467590331,0.0025519511460417163,0.0090545654296875,0.002308609189910401,8,20,50,"{'model__max_depth': 8, 'model__min_samples_leaf': 20, 'model__min_samples_split': 50}",0.5290227299118283,0.52959224874292,0.5235655171502466,0.5354714190771962,0.48407873479237923,0.5203461299349141,0.018521538144958657,44
0.0898749828338623,0.010384084041187411,0.006360054016113281,0.003670714349921677,5,30,2,"{'model__max_depth': 5, 'model__min_samples_leaf': 30, 'model__min_samples_split': 2}",0.5243022611571708,0.517423713024345,0.5302248238759119,0.5246032788466428,0.5046316784948716,0.5202371510797885,0.008795317024309766,45
0.07760448455810547,0.005957766283438028,0.005202579498291016,0.0018767649759604422,5,30,10,"{'model__max_depth': 5, 'model__min_samples_leaf': 30, 'model__min_samples_split': 10}",0.5243022611571708,0.517423713024345,0.5302248238759119,0.5246032788466428,0.5046316784948716,0.5202371510797885,0.008795317024309766,45
0.08322205543518066,0.004918901884281422,0.0076995849609375,0.0016379539941261713,5,30,50,"{'model__max_depth': 5, 'model__min_samples_leaf': 30, 'model__min_samples_split': 50}",0.5243022611571708,0.517423713024345,0.5302248238759119,0.5246032788466428,0.5046316784948716,0.5202371510797885,0.008795317024309766,45
0.09074721336364747,0.005379324470210985,0.0037079334259033205,0.0007375008100386742,5,30,20,"{'model__max_depth': 5, 'model__min_samples_leaf': 30, 'model__min_samples_split': 20}",0.5243022611571708,0.517423713024345,0.5302248238759119,0.5246032788466428,0.5046316784948716,0.5202371510797885,0.008795317024309766,45
0.10335087776184082,0.004846413826781626,0.005220985412597657,0.0020011698146525686,6,10,2,"{'model__max_depth': 6, 'model__min_samples_leaf': 10, 'model__min_samples_split': 2}",0.5214350442651183,0.5209992854824617,0.5270886600477123,0.530696434207851,0.4971649104301773,0.5194768668866641,0.011728543847756265,49
0.10738554000854492,0.008264732884930424,0.005657052993774414,0.0016616333279129867,6,10,10,"{'model__max_depth': 6, 'model__min_samples_leaf': 10, 'model__min_samples_split': 10}",0.5214350442651183,0.5209992854824617,0.5270886600477123,0.530696434207851,0.4971649104301773,0.5194768668866641,0.011728543847756265,49
0.10400290489196777,0.009176338634636407,0.005218791961669922,0.0012724186466813493,6,10,20,"{'model__max_depth': 6, 'model__min_samples_leaf': 10, 'model__min_samples_split': 20}",0.5214350442651183,0.5209992854824617,0.5270886600477123,0.530696434207851,0.4971649104301773,0.5194768668866641,0.011728543847756265,49
0.09684314727783203,0.000977916665726464,0.008343744277954101,0.003210792277702231,6,5,50,"{'model__max_depth': 6, 'model__min_samples_leaf': 5, 'model__min_samples_split': 50}",0.5245283298915397,0.5199990507748709,0.5238687023408828,0.5286267510999514,0.498698493279872,0.5191442654774233,0.010582875275958957,52
0.11392641067504883,0.01098484940809524,0.008172225952148438,0.0023191301668641145,7,5,20,"{'model__max_depth': 7, 'model__min_samples_leaf': 5, 'model__min_samples_split': 20}",0.5237205174608155,0.5180195630648043,0.5240537172452281,0.5362389915073287,0.49288474877279687,0.5189835076101946,0.01433856627792021,53
0.10527896881103516,0.006419648826978074,0.0044386863708496095,0.0011181912127042478,8,20,20,"{'model__max_depth': 8, 'model__min_samples_leaf': 20, 'model__min_samples_split': 20}",0.5225999702902063,0.5270820518037993,0.5241399922714353,0.535333392433217,0.4842200522188121,0.5186750918034939,0.017779738565900916,54
0.1202580451965332,0.010168497413450814,0.006973409652709961,0.004349652181564052,8,20,2,"{'model__max_depth': 8, 'model__min_samples_leaf': 20, 'model__min_samples_split': 2}",0.5225999702902063,0.5270820518037993,0.5241399922714353,0.535333392433217,0.4842200522188121,0.5186750918034939,0.017779738565900916,54
0.11404623985290527,0.014054445942813982,0.005040645599365234,0.0017078226275306285,8,20,10,"{'model__max_depth': 8, 'model__min_samples_leaf': 20, 'model__min_samples_split': 10}",0.5225999702902063,0.5270820518037993,0.5241399922714353,0.535333392433217,0.4842200522188121,0.5186750918034939,0.017779738565900916,54
0.11079678535461426,0.007368195958136909,0.0046462535858154295,0.0014893360491750164,8,10,50,"{'model__max_depth': 8, 'model__min_samples_leaf': 10, 'model__min_samples_split': 50}",0.5275224519027215,0.5142965434238194,0.5196340080431712,0.5349304694596984,0.4959593427688444,0.5184685631196511,0.0132544051051568,57
0.10111322402954101,0.006386500246693621,0.006884002685546875,0.002088088719121504,6,5,20,"{'model__max_depth': 6, 'model__min_samples_leaf': 5, 'model__min_samples_split': 20}",0.5231905216283003,0.5195862522762793,0.5228818886705157,0.5288598286443713,0.496380829248904,0.5181798640936741,0.011300028448976141,58
0.109016752243042,0.005221667706955443,0.005734395980834961,0.0024446835462948943,7,10,20,"{'model__max_depth': 7, 'model__min_samples_leaf': 10, 'model__min_samples_split': 20}",0.5241175717288703,0.5214161687857359,0.5185892189769307,0.5357292438276504,0.48959947200564585,0.5178903350649666,0.015299006615475263,59
0.11718573570251464,0.013881376938060176,0.005937623977661133,0.0021297787594625507,7,10,10,"{'model__max_depth': 7, 'model__min_samples_leaf': 10, 'model__min_samples_split': 10}",0.5241175717288703,0.5214161687857359,0.5185892189769307,0.5357292438276504,0.48959947200564585,0.5178903350649666,0.015299006615475263,59
0.11921210289001465,0.02438107530019318,0.0068588733673095705,0.00210106340787087,7,10,2,"{'model__max_depth': 7, 'model__min_samples_leaf': 10, 'model__min_samples_split': 2}",0.5241175717288703,0.5214161687857359,0.5185892189769307,0.5357292438276504,0.48959947200564585,0.5178903350649666,0.015299006615475263,59
0.1250904083251953,0.01445005115588035,0.004721546173095703,0.0013344961075792082,8,5,50,"{'model__max_depth': 8, 'model__min_samples_leaf': 5, 'model__min_samples_split': 50}",0.5296856319126204,0.5084520991717553,0.5174207853768937,0.5364004141253749,0.4936878581217907,0.517129357741687,0.015191558748097838,62
0.11221356391906738,0.009761273372635309,0.00701904296875,0.0026368490862353133,6,5,2,"{'model__max_depth': 6, 'model__min_samples_leaf': 5, 'model__min_samples_split': 2}",0.5230017266622211,0.5190741935712826,0.5218912886582259,0.5295224816219236,0.49171487939324066,0.5170409139813789,0.013117844387990539,63
0.09876828193664551,0.014866382269891827,0.005510377883911133,0.001880421087055831,6,5,10,"{'model__max_depth': 6, 'model__min_samples_leaf': 5, 'model__min_samples_split': 10}",0.5230017266622211,0.5190741935712826,0.5218912886582259,0.5295224816219236,0.49171487939324066,0.5170409139813789,0.013117844387990539,63
0.08593058586120605,0.002700911733833009,0.005573272705078125,0.0016954400164147785,5,10,50,"{'model__max_depth': 5, 'model__min_samples_leaf': 10, 'model__min_samples_split': 50}",0.5180422759338701,0.5171408479485248,0.5284898663089762,0.52416781196218,0.49539162092793976,0.5166464846162981,0.01140875027230877,65
0.08446302413940429,0.005666423306140126,0.006313848495483399,0.0022411872086549214,5,5,50,"{'model__max_depth': 5, 'model__min_samples_leaf': 5, 'model__min_samples_split': 50}",0.5180422759338701,0.5148293155515159,0.5280469278349691,0.5241400666424284,0.49543501725695316,0.5160987206439474,0.011311943552424788,66
0.11299118995666504,0.00413179877611642,0.006651592254638672,0.0008187970409546056,7,5,10,"{'model__max_depth': 7, 'model__min_samples_leaf': 5, 'model__min_samples_split': 10}",0.5200949915001633,0.5165809739656536,0.5182273048333733,0.5371211095814629,0.4882380416381938,0.5160524843037694,0.015740909770277308,67
0.11234683990478515,0.00708142088999528,0.007785892486572266,0.002546972345905889,7,5,2,"{'model__max_depth': 7, 'model__min_samples_leaf': 5, 'model__min_samples_split': 2}",0.5200949915001633,0.5165809739656536,0.5182273048333733,0.5371211095814629,0.4882380416381938,0.5160524843037694,0.015740909770277308,67
0.08427200317382813,0.010607453593665194,0.004647588729858399,0.0017533473524160737,5,10,10,"{'model__max_depth': 5, 'model__min_samples_leaf': 10, 'model__min_samples_split': 10}",0.5162456377675659,0.516420162332732,0.5282194191425768,0.5234038337745143,0.49466724929943673,0.5157912604633652,0.011482475556454898,69
0.08047938346862793,0.0056217670725812715,0.004410743713378906,0.002039898690217622,5,10,2,"{'model__max_depth': 5, 'model__min_samples_leaf': 10, 'model__min_samples_split': 2}",0.5162456377675659,0.516420162332732,0.5282194191425768,0.5234038337745143,0.49466724929943673,0.5157912604633652,0.011482475556454898,69
0.08044209480285644,0.00446479988005215,0.005241537094116211,0.0034730035030346618,5,10,20,"{'model__max_depth': 5, 'model__min_samples_leaf': 10, 'model__min_samples_split': 20}",0.5162456377675659,0.516420162332732,0.5282194191425768,0.5234038337745143,0.49466724929943673,0.5157912604633652,0.011482475556454898,69
0.08392558097839356,0.006099854325944545,0.005645227432250976,0.0011230658353527973,5,5,20,"{'model__max_depth': 5, 'model__min_samples_leaf': 5, 'model__min_samples_split': 20}",0.5169735160781332,0.5148710129283695,0.5277737955797143,0.5233765298333983,0.4950780924692514,0.5156145893777733,0.011244921592299143,72
0.08683114051818848,0.0026011797372273906,0.005349016189575196,0.001968947957430907,5,5,10,"{'model__max_depth': 5, 'model__min_samples_leaf': 5, 'model__min_samples_split': 10}",0.517497332965877,0.514305535916643,0.5283762516161539,0.5233765298333983,0.49354525188523396,0.5154201804434613,0.01196020710771114,73
0.09551858901977539,0.02529621223994405,0.006123924255371093,0.002136583185240827,5,5,2,"{'model__max_depth': 5, 'model__min_samples_leaf': 5, 'model__min_samples_split': 2}",0.517497332965877,0.514305535916643,0.5283762516161539,0.5233765298333983,0.49354525188523396,0.5154201804434613,0.01196020710771114,73
0.08223075866699218,0.010856159828014678,0.005383205413818359,0.0018149422895114044,4,50,20,"{'model__max_depth': 4, 'model__min_samples_leaf': 50, 'model__min_samples_split': 20}",0.5252577601958728,0.5174570327160557,0.5231466286396661,0.5111541259189272,0.4978755349705579,0.514978216488216,0.009855575980951619,75
0.08310117721557617,0.0060314047167547465,0.005016040802001953,0.0024740016135163237,4,50,10,"{'model__max_depth': 4, 'model__min_samples_leaf': 50, 'model__min_samples_split': 10}",0.5252577601958728,0.5174570327160557,0.5231466286396661,0.5111541259189272,0.4978755349705579,0.514978216488216,0.009855575980951619,75
0.0707249641418457,0.0061790772157896065,0.0077858448028564455,0.004209133743352664,4,50,50,"{'model__max_depth': 4, 'model__min_samples_leaf': 50, 'model__min_samples_split': 50}",0.5252577601958728,0.5174570327160557,0.5231466286396661,0.5111541259189272,0.4978755349705579,0.514978216488216,0.009855575980951619,75
0.07997398376464844,0.005108313806893828,0.0066433906555175785,0.0016696358931985557,4,50,2,"{'model__max_depth': 4, 'model__min_samples_leaf': 50, 'model__min_samples_split': 2}",0.5252577601958728,0.5174570327160557,0.5231466286396661,0.5111541259189272,0.4978755349705579,0.514978216488216,0.009855575980951619,75
0.11792640686035157,0.004145254614534923,0.004883241653442383,0.0016066926925291157,10,50,10,"{'model__max_depth': 10, 'model__min_samples_leaf': 50, 'model__min_samples_split': 10}",0.5234671949279572,0.5262662282339859,0.5177641475942666,0.525455449658735,0.47894473347573985,0.514379550778137,0.017964607905592605,79
0.12067437171936035,0.004514972309948031,0.004333400726318359,0.0012746952204653985,10,50,20,"{'model__max_depth': 10, 'model__min_samples_leaf': 50, 'model__min_samples_split': 20}",0.5234671949279572,0.5262662282339859,0.5177641475942666,0.525455449658735,0.47894473347573985,0.514379550778137,0.017964607905592605,79
0.11824417114257812,0.004933232983470283,0.006647872924804688,0.0025978136360163355,10,50,50,"{'model__max_depth': 10, 'model__min_samples_leaf': 50, 'model__min_samples_split': 50}",0.5234671949279572,0.5262662282339859,0.5177641475942666,0.525455449658735,0.47894473347573985,0.514379550778137,0.017964607905592605,79
0.11929388046264648,0.0030408898097053355,0.006421327590942383,0.001313133062644636,10,50,2,"{'model__max_depth': 10, 'model__min_samples_leaf': 50, 'model__min_samples_split': 2}",0.5234671949279572,0.5262662282339859,0.5177641475942666,0.525455449658735,0.47894473347573985,0.514379550778137,0.017964607905592605,79
0.11959252357482911,0.0065052980919684325,0.006800603866577148,0.001794866049110264,8,10,10,"{'model__max_depth': 8, 'model__min_samples_leaf': 10, 'model__min_samples_split': 10}",0.5216751739749099,0.506880947485132,0.5099832980836488,0.5370916525728086,0.4937131744364462,0.5138688493105892,0.01463158778815268,83
0.11841635704040528,0.0070579411509570705,0.006894588470458984,0.0008009465981112171,8,10,20,"{'model__max_depth': 8, 'model__min_samples_leaf': 10, 'model__min_samples_split': 20}",0.5216751739749099,0.506880947485132,0.5099832980836488,0.5370916525728086,0.4937131744364462,0.5138688493105892,0.01463158778815268,83
0.12452573776245117,0.006268955075654033,0.0059910774230957035,0.0015687409032429948,8,10,2,"{'model__max_depth': 8, 'model__min_samples_leaf': 10, 'model__min_samples_split': 2}",0.5216751739749099,0.506880947485132,0.5099832980836488,0.5370916525728086,0.4937131744364462,0.5138688493105892,0.01463158778815268,83
0.07736949920654297,0.003813538617961976,0.0073891162872314455,0.0012633364146713386,4,30,50,"{'model__max_depth': 4, 'model__min_samples_leaf': 30, 'model__min_samples_split': 50}",0.5250113142066799,0.5131032582430807,0.5231466286396661,0.5091892850970238,0.4978046292482762,0.5136510230869453,0.009904928965349289,86
0.07767772674560547,0.005616939426480686,0.007561731338500977,0.000972419423887182,4,30,20,"{'model__max_depth': 4, 'model__min_samples_leaf': 30, 'model__min_samples_split': 20}",0.5250113142066799,0.5131032582430807,0.5231466286396661,0.5091892850970238,0.4978046292482762,0.5136510230869453,0.009904928965349289,86
0.07933802604675293,0.006009067115825475,0.007215118408203125,0.0017844099547372953,4,30,10,"{'model__max_depth': 4, 'model__min_samples_leaf': 30, 'model__min_samples_split': 10}",0.5250113142066799,0.5131032582430807,0.5231466286396661,0.5091892850970238,0.4978046292482762,0.5136510230869453,0.009904928965349289,86
0.07954468727111816,0.0057612671813433445,0.006364250183105468,0.003563203779854577,4,30,2,"{'model__max_depth': 4, 'model__min_samples_leaf': 30, 'model__min_samples_split': 2}",0.5250113142066799,0.5131032582430807,0.5231466286396661,0.5091892850970238,0.4978046292482762,0.5136510230869453,0.009904928965349289,86
0.12802820205688475,0.00876900112758391,0.006471967697143555,0.001766107086098877,8,5,20,"{'model__max_depth': 8, 'model__min_samples_leaf': 5, 'model__min_samples_split': 20}",0.519131571451484,0.5022776111390197,0.5096533149614598,0.5354583992130779,0.4915410780506895,0.5116123949631461,0.014959972458844882,90
0.07429418563842774,0.010062941520520622,0.007500600814819336,0.0028111762662686056,4,20,50,"{'model__max_depth': 4, 'model__min_samples_leaf': 20, 'model__min_samples_split': 50}",0.5250113142066799,0.512902609758533,0.5221140957853986,0.5091892850970238,0.4877240303587727,0.5113882670412816,0.01317388074593858,91
0.07578463554382324,0.0050931154334183494,0.007144784927368164,0.0015274617851279743,4,20,2,"{'model__max_depth': 4, 'model__min_samples_leaf': 20, 'model__min_samples_split': 2}",0.5247913018925936,0.512902609758533,0.5221140957853986,0.5091892850970238,0.4877240303587727,0.5113442645784644,0.013128594118276365,92
0.0773430347442627,0.006683307679144957,0.006631183624267578,0.0013626369687745248,4,20,20,"{'model__max_depth': 4, 'model__min_samples_leaf': 20, 'model__min_samples_split': 20}",0.5247913018925936,0.512902609758533,0.5221140957853986,0.5091892850970238,0.4877240303587727,0.5113442645784644,0.013128594118276365,92
0.0800826072692871,0.0050475254395969974,0.008488607406616212,0.0017743375945882386,4,20,10,"{'model__max_depth': 4, 'model__min_samples_leaf': 20, 'model__min_samples_split': 10}",0.5247913018925936,0.512902609758533,0.5221140957853986,0.5091892850970238,0.4877240303587727,0.5113442645784644,0.013128594118276365,92
0.0757516860961914,0.005252118634485393,0.005456399917602539,0.0026434040902037917,4,10,50,"{'model__max_depth': 4, 'model__min_samples_leaf': 10, 'model__min_samples_split': 50}",0.5180885945239099,0.5157387885331527,0.5154364957501197,0.5091892850970238,0.4901360146070227,0.5097178357022458,0.010224985399825533,95
0.07891583442687988,0.0033160031912729563,0.00612936019897461,0.002189530687205908,4,10,2,"{'model__max_depth': 4, 'model__min_samples_leaf': 10, 'model__min_samples_split': 2}",0.5173508184941842,0.5157387885331527,0.5154364957501197,0.5091892850970238,0.4901360146070227,0.5095702804963007,0.010107775150751815,96
0.07764058113098145,0.009492042093591068,0.0066506385803222655,0.002413528633658196,4,10,10,"{'model__max_depth': 4, 'model__min_samples_leaf': 10, 'model__min_samples_split': 10}",0.5173508184941842,0.5157387885331527,0.5154364957501197,0.5091892850970238,0.4901360146070227,0.5095702804963007,0.010107775150751815,96
0.07432408332824707,0.004640539250376107,0.005814552307128906,0.003097150608857954,4,10,20,"{'model__max_depth': 4, 'model__min_samples_leaf': 10, 'model__min_samples_split': 20}",0.5173508184941842,0.5157387885331527,0.5154364957501197,0.5091892850970238,0.4901360146070227,0.5095702804963007,0.010107775150751815,96
0.09464101791381836,0.02343801236170814,0.006711196899414062,0.0024419100966074385,4,5,50,"{'model__max_depth': 4, 'model__min_samples_leaf': 5, 'model__min_samples_split': 50}",0.5180885945239099,0.5134667403835151,0.5154364957501197,0.5091892850970238,0.4901360146070227,0.5092634260723183,0.009995214904058936,99
0.09371051788330079,0.020068541971176718,0.004094505310058593,0.0005677679558753299,4,5,2,"{'model__max_depth': 4, 'model__min_samples_leaf': 5, 'model__min_samples_split': 2}",0.5173508184941842,0.5134667403835151,0.5154364957501197,0.5091892850970238,0.4901360146070227,0.5091158708663731,0.009868485802633435,100
0.07912621498107911,0.012783811508534793,0.017063093185424805,0.012747785369773059,4,5,20,"{'model__max_depth': 4, 'model__min_samples_leaf': 5, 'model__min_samples_split': 20}",0.5173508184941842,0.5134667403835151,0.5154364957501197,0.5091892850970238,0.4901360146070227,0.5091158708663731,0.009868485802633435,100
0.09564933776855469,0.009411875755691308,0.0063168048858642575,0.002832362196211599,4,5,10,"{'model__max_depth': 4, 'model__min_samples_leaf': 5, 'model__min_samples_split': 10}",0.5173508184941842,0.5134667403835151,0.5154364957501197,0.5091892850970238,0.4901360146070227,0.5091158708663731,0.009868485802633435,100
0.12308464050292969,0.006491699338074171,0.005702877044677734,0.0017375072667714035,10,20,50,"{'model__max_depth': 10, 'model__min_samples_leaf': 20, 'model__min_samples_split': 50}",0.5271920293888815,0.5237269491156644,0.5076832595978956,0.5107626375944156,0.47617609982002174,0.5091081951033758,0.018055600528591037,103
0.12717957496643068,0.004014081781636727,0.007503128051757813,0.0028833135288119345,10,30,50,"{'model__max_depth': 10, 'model__min_samples_leaf': 30, 'model__min_samples_split': 50}",0.5146149537902828,0.5229893291720794,0.510587759911308,0.5237149910377971,0.47280356808783114,0.5089421203998598,0.018742710115999348,104
0.12392873764038086,0.0027389307804882644,0.005446243286132813,0.0022252787238124672,10,30,20,"{'model__max_depth': 10, 'model__min_samples_leaf': 30, 'model__min_samples_split': 20}",0.5146149537902828,0.5229893291720794,0.510587759911308,0.5237149910377971,0.47280356808783114,0.5089421203998598,0.018742710115999348,104
0.12933988571166993,0.0036072458321649344,0.005698871612548828,0.0027798299750545433,10,30,10,"{'model__max_depth': 10, 'model__min_samples_leaf': 30, 'model__min_samples_split': 10}",0.5146149537902828,0.5229893291720794,0.510587759911308,0.5237149910377971,0.47280356808783114,0.5089421203998598,0.018742710115999348,104
0.12701201438903809,0.010402648418079143,0.006336212158203125,0.0020304965789478225,10,30,2,"{'model__max_depth': 10, 'model__min_samples_leaf': 30, 'model__min_samples_split': 2}",0.5146149537902828,0.5229893291720794,0.510587759911308,0.5237149910377971,0.47280356808783114,0.5089421203998598,0.018742710115999348,104
0.14005060195922853,0.00856521118508531,0.005985879898071289,0.001422269479319371,,50,2,"{'model__max_depth': None, 'model__min_samples_leaf': 50, 'model__min_samples_split': 2}",0.5142522585406444,0.5210315482480015,0.5118507046991186,0.5191426384088714,0.47632400087035104,0.5085202301533973,0.016431153506608866,108
0.14109044075012206,0.01694450053349269,0.00516200065612793,0.00094133448639872,,50,10,"{'model__max_depth': None, 'model__min_samples_leaf': 50, 'model__min_samples_split': 10}",0.5142522585406444,0.5210315482480015,0.5118507046991186,0.5191426384088714,0.47632400087035104,0.5085202301533973,0.016431153506608866,108
0.13566832542419432,0.017447586993184994,0.005248165130615235,0.0018175895668879408,,50,20,"{'model__max_depth': None, 'model__min_samples_leaf': 50, 'model__min_samples_split': 20}",0.5142522585406444,0.5210315482480015,0.5118507046991186,0.5191426384088714,0.47632400087035104,0.5085202301533973,0.016431153506608866,108
0.12226524353027343,0.013956964173530836,0.004402971267700196,0.0015506922141953093,,50,50,"{'model__max_depth': None, 'model__min_samples_leaf': 50, 'model__min_samples_split': 50}",0.5142522585406444,0.5210315482480015,0.5118507046991186,0.5191426384088714,0.47632400087035104,0.5085202301533973,0.016431153506608866,108
0.13369650840759278,0.00823966570352483,0.006118583679199219,0.0019464069655761205,10,20,20,"{'model__max_depth': 10, 'model__min_samples_leaf': 20, 'model__min_samples_split': 20}",0.5183921432364419,0.5214241114676441,0.5078865510448038,0.5121738174167539,0.47924503631682447,0.5078243318964936,0.01504879179365632,112
0.12912421226501464,0.009558936009450398,0.0050753593444824215,0.0013412775148484634,10,20,10,"{'model__max_depth': 10, 'model__min_samples_leaf': 20, 'model__min_samples_split': 10}",0.5183921432364419,0.5214241114676441,0.5078865510448038,0.5121738174167539,0.47924503631682447,0.5078243318964936,0.01504879179365632,112
0.12745451927185059,0.005466406120896807,0.006788825988769532,0.0017390058606344505,10,20,2,"{'model__max_depth': 10, 'model__min_samples_leaf': 20, 'model__min_samples_split': 2}",0.5183921432364419,0.5214241114676441,0.5078865510448038,0.5121738174167539,0.47924503631682447,0.5078243318964936,0.01504879179365632,112
0.12785873413085938,0.010068604276047404,0.005790185928344726,0.001896349061599943,8,5,10,"{'model__max_depth': 8, 'model__min_samples_leaf': 5, 'model__min_samples_split': 10}",0.5170915067616092,0.4956933633553755,0.50334353786011,0.5316792716798507,0.48627073005915855,0.5068156819432208,0.016010293398382804,115
0.12429304122924804,0.006595392068044875,0.006139135360717774,0.0031416528423954394,8,5,2,"{'model__max_depth': 8, 'model__min_samples_leaf': 5, 'model__min_samples_split': 2}",0.5170915067616092,0.4956933633553755,0.50334353786011,0.5316792716798507,0.48627073005915855,0.5068156819432208,0.016010293398382804,115
0.12817764282226562,0.008718059595278936,0.006573390960693359,0.0015415841889278596,10,5,50,"{'model__max_depth': 10, 'model__min_samples_leaf': 5, 'model__min_samples_split': 50}",0.5139807406608455,0.5091989234026671,0.5091938563047618,0.5146223035189534,0.4822209312891278,0.5058433510352711,0.0120315550347065,117
0.13287172317504883,0.007143930720666237,0.004934930801391601,0.001704819831919742,10,10,50,"{'model__max_depth': 10, 'model__min_samples_leaf': 10, 'model__min_samples_split': 50}",0.5106777703361235,0.5146881162553777,0.5074593111907217,0.5132749472967053,0.48179377824075387,0.5055787846639365,0.012144738834300273,118
0.06203889846801758,0.00494421385482082,0.0054665088653564455,0.0011980443536600196,3,50,50,"{'model__max_depth': 3, 'model__min_samples_leaf': 50, 'model__min_samples_split': 50}",0.5027937222208297,0.5014866059466139,0.49898270642119025,0.5117629610840713,0.47667686478211857,0.4983405720909647,0.011658620435057346,119
0.06026477813720703,0.004091921995541408,0.00659942626953125,0.0016248443102490412,3,50,20,"{'model__max_depth': 3, 'model__min_samples_leaf': 50, 'model__min_samples_split': 20}",0.5027937222208297,0.5014866059466139,0.49898270642119025,0.5117629610840713,0.47667686478211857,0.4983405720909647,0.011658620435057346,119
0.05876669883728027,0.0026082006153375025,0.007666349411010742,0.0018645054591032793,3,50,10,"{'model__max_depth': 3, 'model__min_samples_leaf': 50, 'model__min_samples_split': 10}",0.5027937222208297,0.5014866059466139,0.49898270642119025,0.5117629610840713,0.47667686478211857,0.4983405720909647,0.011658620435057346,119
0.05652532577514648,0.004278237867152114,0.004187679290771485,0.0007803266009339129,3,50,2,"{'model__max_depth': 3, 'model__min_samples_leaf': 50, 'model__min_samples_split': 2}",0.5027937222208297,0.5014866059466139,0.49898270642119025,0.5117629610840713,0.47667686478211857,0.4983405720909647,0.011658620435057346,119
0.05664210319519043,0.0036779699158447305,0.005493021011352539,0.00161685957806816,3,20,2,"{'model__max_depth': 3, 'model__min_samples_leaf': 20, 'model__min_samples_split': 2}",0.5019028213315102,0.5014866059466139,0.49898270642119025,0.5117629610840713,0.47667686478211857,0.49816239191310085,0.011595839641331849,123
0.05697340965270996,0.005627023287083492,0.006133365631103516,0.002412572921080762,3,20,20,"{'model__max_depth': 3, 'model__min_samples_leaf': 20, 'model__min_samples_split': 20}",0.5019028213315102,0.5014866059466139,0.49898270642119025,0.5117629610840713,0.47667686478211857,0.49816239191310085,0.011595839641331849,123
0.057186555862426755,0.0037451795714348764,0.004515171051025391,0.0018129886286119667,3,10,20,"{'model__max_depth': 3, 'model__min_samples_leaf': 10, 'model__min_samples_split': 20}",0.5019028213315102,0.5014866059466139,0.49898270642119025,0.5117629610840713,0.47667686478211857,0.49816239191310085,0.011595839641331849,123
0.05382800102233887,0.004702544794912844,0.00563201904296875,0.002700986781182981,3,10,50,"{'model__max_depth': 3, 'model__min_samples_leaf': 10, 'model__min_samples_split': 50}",0.5019028213315102,0.5014866059466139,0.49898270642119025,0.5117629610840713,0.47667686478211857,0.49816239191310085,0.011595839641331849,123
0.05649385452270508,0.006359772942318651,0.005853986740112305,0.0020190751245961805,3,30,2,"{'model__max_depth': 3, 'model__min_samples_leaf': 30, 'model__min_samples_split': 2}",0.5019028213315102,0.5014866059466139,0.49898270642119025,0.5117629610840713,0.47667686478211857,0.49816239191310085,0.011595839641331849,123
0.05225658416748047,0.005503454245631639,0.005200052261352539,0.0015149384695242307,3,10,10,"{'model__max_depth': 3, 'model__min_samples_leaf': 10, 'model__min_samples_split': 10}",0.5019028213315102,0.5014866059466139,0.49898270642119025,0.5117629610840713,0.47667686478211857,0.49816239191310085,0.011595839641331849,123
0.051205778121948244,0.0036074823891134944,0.004959869384765625,0.0013741720158528998,3,10,2,"{'model__max_depth': 3, 'model__min_samples_leaf': 10, 'model__min_samples_split': 2}",0.5019028213315102,0.5014866059466139,0.49898270642119025,0.5117629610840713,0.47667686478211857,0.49816239191310085,0.011595839641331849,123
0.05407905578613281,0.004206719316426135,0.004873800277709961,0.001622922524511221,3,5,50,"{'model__max_depth': 3, 'model__min_samples_leaf': 5, 'model__min_samples_split': 50}",0.5019028213315102,0.5014866059466139,0.49898270642119025,0.5117629610840713,0.47667686478211857,0.49816239191310085,0.011595839641331849,123
0.051833820343017575,0.002519119520991119,0.0056549072265625,0.0015134196383113673,3,5,20,"{'model__max_depth': 3, 'model__min_samples_leaf': 5, 'model__min_samples_split': 20}",0.5019028213315102,0.5014866059466139,0.49898270642119025,0.5117629610840713,0.47667686478211857,0.49816239191310085,0.011595839641331849,123
0.053609371185302734,0.0031211088341814987,0.0053634166717529295,0.001752688188156242,3,20,50,"{'model__max_depth': 3, 'model__min_samples_leaf': 20, 'model__min_samples_split': 50}",0.5019028213315102,0.5014866059466139,0.49898270642119025,0.5117629610840713,0.47667686478211857,0.49816239191310085,0.011595839641331849,123
0.05497164726257324,0.004951515349143025,0.005220556259155273,0.0019043390407597412,3,20,10,"{'model__max_depth': 3, 'model__min_samples_leaf': 20, 'model__min_samples_split': 10}",0.5019028213315102,0.5014866059466139,0.49898270642119025,0.5117629610840713,0.47667686478211857,0.49816239191310085,0.011595839641331849,123
0.052641773223876955,0.002883644884865412,0.0045391559600830075,0.001032571599750202,3,30,10,"{'model__max_depth': 3, 'model__min_samples_leaf': 30, 'model__min_samples_split': 10}",0.5019028213315102,0.5014866059466139,0.49898270642119025,0.5117629610840713,0.47667686478211857,0.49816239191310085,0.011595839641331849,123
0.053656005859375,0.0023448153664839115,0.005298089981079101,0.0016460025457765968,3,30,20,"{'model__max_depth': 3, 'model__min_samples_leaf': 30, 'model__min_samples_split': 20}",0.5019028213315102,0.5014866059466139,0.49898270642119025,0.5117629610840713,0.47667686478211857,0.49816239191310085,0.011595839641331849,123
0.06713900566101075,0.002175307653159277,0.009053564071655274,0.002727471871562976,3,5,10,"{'model__max_depth': 3, 'model__min_samples_leaf': 5, 'model__min_samples_split': 10}",0.5019028213315102,0.5014866059466139,0.49898270642119025,0.5117629610840713,0.47667686478211857,0.49816239191310085,0.011595839641331849,123
0.05926055908203125,0.005863273832282767,0.005430269241333008,0.0013473082078068928,3,30,50,"{'model__max_depth': 3, 'model__min_samples_leaf': 30, 'model__min_samples_split': 50}",0.5019028213315102,0.5014866059466139,0.49898270642119025,0.5117629610840713,0.47667686478211857,0.49816239191310085,0.011595839641331849,123
0.07283377647399902,0.0032092223602605808,0.005689382553100586,0.0017644173993780063,3,5,2,"{'model__max_depth': 3, 'model__min_samples_leaf': 5, 'model__min_samples_split': 2}",0.5019028213315102,0.5014866059466139,0.49898270642119025,0.5117629610840713,0.47667686478211857,0.49816239191310085,0.011595839641331849,123
0.14839868545532225,0.007403343875799801,0.0064678192138671875,0.002014233142395572,,30,50,"{'model__max_depth': None, 'model__min_samples_leaf': 30, 'model__min_samples_split': 50}",0.5024281291053433,0.5074822732645917,0.5002128357399831,0.5183681354742766,0.45604542142012133,0.4969073590008632,0.021370525311273248,139
0.1480264663696289,0.00979587260691096,0.0057465553283691405,0.0016643785906435748,,30,20,"{'model__max_depth': None, 'model__min_samples_leaf': 30, 'model__min_samples_split': 20}",0.5024281291053433,0.5074822732645917,0.5002128357399831,0.5183681354742766,0.45604542142012133,0.4969073590008632,0.021370525311273248,139
0.15018539428710936,0.006270783228980234,0.006466341018676758,0.0019764136758653504,,30,10,"{'model__max_depth': None, 'model__min_samples_leaf': 30, 'model__min_samples_split': 10}",0.5024281291053433,0.5074822732645917,0.5002128357399831,0.5183681354742766,0.45604542142012133,0.4969073590008632,0.021370525311273248,139
0.14730386734008788,0.004438729594155661,0.006449604034423828,0.0017804332534278433,,30,2,"{'model__max_depth': None, 'model__min_samples_leaf': 30, 'model__min_samples_split': 2}",0.5024281291053433,0.5074822732645917,0.5002128357399831,0.5183681354742766,0.45604542142012133,0.4969073590008632,0.021370525311273248,139
0.13293395042419434,0.005754044806316932,0.005286216735839844,0.0014337217152352736,10,5,20,"{'model__max_depth': 10, 'model__min_samples_leaf': 5, 'model__min_samples_split': 20}",0.49797153315903325,0.48933809232586034,0.4928817830358191,0.4965514474366281,0.47603172963105217,0.4905549171176786,0.007858530546070934,143
0.12738037109375,0.005501936631386708,0.00475459098815918,0.0015332855040819597,10,10,10,"{'model__max_depth': 10, 'model__min_samples_leaf': 10, 'model__min_samples_split': 10}",0.48391906842688376,0.5003068034831302,0.4834510857169878,0.5112682873617782,0.47280646974972096,0.4903503429477002,0.013663381967788548,144
0.13108644485473633,0.0032154888113189845,0.0053065776824951175,0.002290385229509825,10,10,2,"{'model__max_depth': 10, 'model__min_samples_leaf': 10, 'model__min_samples_split': 2}",0.48391906842688376,0.5003068034831302,0.4834510857169878,0.5112682873617782,0.47280646974972096,0.4903503429477002,0.013663381967788548,144
0.13780584335327148,0.006690653679351308,0.005978965759277343,0.0028142071233865002,10,10,20,"{'model__max_depth': 10, 'model__min_samples_leaf': 10, 'model__min_samples_split': 20}",0.48391906842688376,0.5003068034831302,0.4834510857169878,0.5112682873617782,0.47280646974972096,0.4903503429477002,0.013663381967788548,144
0.15195317268371583,0.013101809153101038,0.00640559196472168,0.003541138218604217,,10,50,"{'model__max_depth': None, 'model__min_samples_leaf': 10, 'model__min_samples_split': 50}",0.493688712489031,0.49169388302961525,0.4795125888493436,0.47700885296893114,0.4613386711817931,0.4806485417037428,0.011657224726861055,147
0.1757357120513916,0.01565252110282564,0.006328725814819336,0.001388206074228657,,20,50,"{'model__max_depth': None, 'model__min_samples_leaf': 20, 'model__min_samples_split': 50}",0.4906538878276092,0.4893020247099151,0.4822088185901774,0.48959807372441516,0.4502574941487292,0.4804040598001692,0.015367727359847894,148
0.16834640502929688,0.026201016578472097,0.005518865585327148,0.0017676891023392053,,20,10,"{'model__max_depth': None, 'model__min_samples_leaf': 20, 'model__min_samples_split': 10}",0.4839106973890774,0.4823507111428236,0.48390469528790436,0.4768240545922885,0.4488642517456241,0.4751708820315437,0.01340884476055716,149
0.16805310249328614,0.029405225755083288,0.007143402099609375,0.0030978993012135848,,20,2,"{'model__max_depth': None, 'model__min_samples_leaf': 20, 'model__min_samples_split': 2}",0.4839106973890774,0.4823507111428236,0.48390469528790436,0.4768240545922885,0.4488642517456241,0.4751708820315437,0.01340884476055716,149
0.18348960876464843,0.019348781203088694,0.007216787338256836,0.0011806843502689846,,20,20,"{'model__max_depth': None, 'model__min_samples_leaf': 20, 'model__min_samples_split': 20}",0.4839106973890774,0.4823507111428236,0.48390469528790436,0.4768240545922885,0.4488642517456241,0.4751708820315437,0.01340884476055716,149
0.13743238449096679,0.01122584564996311,0.005097627639770508,0.001572574876227651,10,5,10,"{'model__max_depth': 10, 'model__min_samples_leaf': 5, 'model__min_samples_split': 10}",0.48044311449579524,0.47812213160563793,0.4688109837466168,0.4870223467453353,0.4600449933514396,0.474888713988965,0.009442523450902308,152
0.13609251976013184,0.005275637075703057,0.004088783264160156,0.0005500951560006227,10,5,2,"{'model__max_depth': 10, 'model__min_samples_leaf': 5, 'model__min_samples_split': 2}",0.48044311449579524,0.47812213160563793,0.4688109837466168,0.4870223467453353,0.4600449933514396,0.474888713988965,0.009442523450902308,152
0.16166515350341798,0.005619966286586771,0.0054015636444091795,0.002046359475046926,,5,50,"{'model__max_depth': None, 'model__min_samples_leaf': 5, 'model__min_samples_split': 50}",0.48525592079907953,0.4614938920048755,0.4825447735484434,0.4756830276863099,0.4502256260774591,0.4710406480232335,0.01326933504140102,154
0.16146297454833985,0.00883475501288552,0.007923412322998046,0.0014161251940732191,,10,10,"{'model__max_depth': None, 'model__min_samples_leaf': 10, 'model__min_samples_split': 10}",0.44282510917821805,0.4433484218333921,0.4524630294120968,0.42766834301663104,0.4146139909098569,0.436183778870039,0.013403147210162808,155
0.16072378158569336,0.0020394807584195084,0.005357551574707031,0.0016649231179792466,,10,2,"{'model__max_depth': None, 'model__min_samples_leaf': 10, 'model__min_samples_split': 2}",0.44282510917821805,0.4433484218333921,0.4524630294120968,0.42766834301663104,0.4146139909098569,0.436183778870039,0.013403147210162808,155
0.16320958137512206,0.002956995043139371,0.00647892951965332,0.0014897304310429692,,10,20,"{'model__max_depth': None, 'model__min_samples_leaf': 10, 'model__min_samples_split': 20}",0.44282510917821805,0.4433484218333921,0.4524630294120968,0.42766834301663104,0.4146139909098569,0.436183778870039,0.013403147210162808,155
0.16196856498718262,0.01231341676882876,0.007217311859130859,0.0007372504748851351,,5,20,"{'model__max_depth': None, 'model__min_samples_leaf': 5, 'model__min_samples_split': 20}",0.438898927407236,0.42219897561219,0.42348066284150443,0.40481683957064835,0.417739724837746,0.42142702605386495,0.010950572152574476,158
0.17119908332824707,0.013250266220962096,0.005156087875366211,0.0014827502226008181,,5,10,"{'model__max_depth': None, 'model__min_samples_leaf': 5, 'model__min_samples_split': 10}",0.38758557335396726,0.3843326231140531,0.3880811728543536,0.3724004203005898,0.3703348014803963,0.38054691822067205,0.007632718744841955,159
0.173897647857666,0.008597461404054247,0.006561470031738281,0.0015329164503390012,,5,2,"{'model__max_depth': None, 'model__min_samples_leaf': 5, 'model__min_samples_split': 2}",0.38758557335396726,0.3843326231140531,0.3880811728543536,0.3724004203005898,0.3703348014803963,0.38054691822067205,0.007632718744841955,159
