Feature,Importance
remainder__N_DELAY_MONTHS,0.6350407090030845
remainder__PAY_0,0.12223145317997376
remainder__BILL_AMT1,0.041750544491885186
remainder__PAY_AMT2,0.04125069785046417
remainder__LIMIT_BAL,0.03406384122920134
remainder__PAY_AMT1,0.02503795199039069
remainder__ID,0.015536578388220198
remainder__PAY_AMT6,0.013743345375986763
remainder__BILL_AMT4,0.011795469917849521
remainder__PAY_AMT3,0.010675275145594163
remainder__BILL_AMT2,0.009532972808304592
remainder__AGE,0.00860231847258318
remainder__PAY_AMT4,0.0071414219694482224
remainder__BILL_AMT6,0.004183863589554946
categorical__EDUCATION_2,0.003634128867759542
remainder__BILL_AMT5,0.003433989515282054
remainder__PAY_2,0.0033458354488515394
remainder__PAY_4,0.0029238334687573335
remainder__PAY_5,0.0025395708013447506
remainder__PAY_AMT5,0.002005530520779919
remainder__PAY_6,0.0011824247149169705
categorical__EDUCATION_3,0.000348243249766765
remainder__BILL_AMT3,0.0
remainder__PAY_3,0.0
categorical__MARRIAGE_3,0.0
categorical__MARRIAGE_2,0.0
categorical__EDUCATION_4,0.0
categorical__SEX_2,0.0
