threshold,precision,recall,f1,TN,FP,FN,TP,total_cost
0.1,0.23081042484826847,0.9743782969103241,0.37321402799826814,364,4309,34,1293,4479
0.11,0.23218142548596113,0.9721175584024114,0.3748365538282726,407,4266,37,1290,4451
0.12,0.23214285714285715,0.9698568198944989,0.3746179595400961,416,4257,40,1287,4457
0.13,0.23263004728992362,0.9638281838733986,0.3747985347985348,454,4219,48,1279,4459
0.13999999999999999,0.23263004728992362,0.9638281838733986,0.3747985347985348,454,4219,48,1279,4459
0.14999999999999997,0.23294418095585553,0.9623210248681235,0.3750917902775738,468,4205,50,1277,4455
0.15999999999999998,0.23292437282548983,0.9585531273549359,0.37477902180318207,484,4189,55,1272,4464
0.16999999999999998,0.25521371051001446,0.9314242652599849,0.4006482982171799,1066,3607,91,1236,4062
0.17999999999999997,0.2573099415204678,0.9284099472494348,0.40294358135731806,1117,3556,95,1232,4031
0.18999999999999995,0.25775356244761105,0.9269027882441597,0.4033448106246926,1131,3542,97,1230,4027
0.19999999999999996,0.2589549093973873,0.9261492087415222,0.4047423019924255,1156,3517,98,1229,4007
0.20999999999999996,0.26008107531470026,0.9186134137151469,0.4053874293315597,1205,3468,108,1219,4008
0.21999999999999995,0.26082297471067295,0.9171062547098718,0.4061404972467879,1224,3449,110,1217,3999
0.22999999999999993,0.26082297471067295,0.9171062547098718,0.4061404972467879,1224,3449,110,1217,3999
0.23999999999999994,0.26082297471067295,0.9171062547098718,0.4061404972467879,1224,3449,110,1217,3999
0.24999999999999994,0.26082297471067295,0.9171062547098718,0.4061404972467879,1224,3449,110,1217,3999
0.2599999999999999,0.26082297471067295,0.9171062547098718,0.4061404972467879,1224,3449,110,1217,3999
0.2699999999999999,0.29353106622347225,0.8651092690278824,0.4383352424589538,1910,2763,179,1148,3658
0.2799999999999999,0.29411764705882354,0.8553127354935945,0.4377169301966834,1949,2724,192,1135,3684
0.2899999999999999,0.29546638874413755,0.854559155990957,0.43910939012584704,1969,2704,193,1134,3669
0.29999999999999993,0.31030609379387813,0.8327053504144687,0.4521276595744681,2217,2456,222,1105,3566
0.3099999999999999,0.32404287901990814,0.7972871137905049,0.460801393728223,2466,2207,269,1058,3552
0.3199999999999999,0.32404287901990814,0.7972871137905049,0.460801393728223,2466,2207,269,1058,3552
0.3299999999999999,0.324515533681944,0.7950263752825923,0.46089995631280034,2477,2196,272,1055,3556
0.33999999999999986,0.33386992916934966,0.7814619442351168,0.46785472591924204,2604,2069,290,1037,3519
0.34999999999999987,0.34417344173441733,0.7656367746797287,0.4748773077821921,2737,1936,311,1016,3491
0.3599999999999999,0.34417344173441733,0.7656367746797287,0.4748773077821921,2737,1936,311,1016,3491
0.3699999999999999,0.34849545136459065,0.7505651846269782,0.4759856630824373,2811,1862,331,996,3517
0.3799999999999999,0.34849545136459065,0.7505651846269782,0.4759856630824373,2811,1862,331,996,3517
0.38999999999999985,0.3527285869172389,0.7354935945742276,0.4767953102100635,2882,1791,351,976,3546
0.39999999999999986,0.36878347360367253,0.7264506405425772,0.48921593504186756,3023,1650,363,964,3465
0.40999999999999986,0.37329700272479566,0.7226827430293896,0.49229979466119095,3063,1610,368,959,3450
0.4199999999999998,0.3887716336006754,0.6940467219291635,0.49837662337662336,3225,1448,406,921,3478
0.4299999999999998,0.3887716336006754,0.6940467219291635,0.49837662337662336,3225,1448,406,921,3478
0.43999999999999984,0.3887716336006754,0.6940467219291635,0.49837662337662336,3225,1448,406,921,3478
0.44999999999999984,0.3887716336006754,0.6940467219291635,0.49837662337662336,3225,1448,406,921,3478
0.45999999999999985,0.3887716336006754,0.6940467219291635,0.49837662337662336,3225,1448,406,921,3478
0.4699999999999998,0.4071000461041955,0.6654107008289375,0.5051487414187643,3387,1286,444,883,3506
0.4799999999999998,0.41212406015037595,0.6608892238131123,0.50767004341534,3422,1251,450,877,3501
0.4899999999999998,0.41212406015037595,0.6608892238131123,0.50767004341534,3422,1251,450,877,3501
0.4999999999999998,0.4188075618031992,0.6510926902788244,0.5097345132743363,3474,1199,463,864,3514
0.5099999999999998,0.4292168674698795,0.6443104747550866,0.5152154263332329,3536,1137,472,855,3497
0.5199999999999998,0.4515068493150685,0.6209495101733233,0.5228426395939086,3672,1001,503,824,3516
0.5299999999999998,0.4515068493150685,0.6209495101733233,0.5228426395939086,3672,1001,503,824,3516
0.5399999999999998,0.4515068493150685,0.6209495101733233,0.5228426395939086,3672,1001,503,824,3516
0.5499999999999998,0.4620253164556962,0.6051243406179352,0.5239804241435563,3738,935,524,803,3555
0.5599999999999998,0.4620253164556962,0.6051243406179352,0.5239804241435563,3738,935,524,803,3555
0.5699999999999997,0.46349942062572425,0.6028636021100227,0.5240746806419915,3747,926,527,800,3561
0.5799999999999997,0.46561771561771564,0.6021100226073851,0.5251396648044693,3756,917,528,799,3557
0.5899999999999997,0.4993045897079277,0.5410700828937453,0.5193490054249548,3953,720,609,718,3765
0.5999999999999998,0.5069292487235595,0.5237377543330821,0.5151964418087472,3997,676,632,695,3836
0.6099999999999998,0.5145848915482424,0.5184626978146194,0.5165165165165165,4024,649,639,688,3844
0.6199999999999998,0.5140470766894457,0.5101733232856066,0.5121028744326778,4033,640,650,677,3890
0.6299999999999998,0.5232919254658385,0.5079125847776941,0.5154875717017209,4059,614,653,674,3879
0.6399999999999997,0.5249406175771971,0.4996232102486812,0.511969111969112,4073,600,664,663,3920
0.6499999999999997,0.5401521555367709,0.48153730218538054,0.5091633466135458,4129,544,688,639,3984
0.6599999999999997,0.5436643835616438,0.47852298417483047,0.5090180360721442,4140,533,692,635,3993
0.6699999999999997,0.5436643835616438,0.47852298417483047,0.5090180360721442,4140,533,692,635,3993
0.6799999999999997,0.6142697881828316,0.4152223059532781,0.49550359712230213,4327,346,776,551,4226
0.6899999999999997,0.6142697881828316,0.4152223059532781,0.49550359712230213,4327,346,776,551,4226
0.6999999999999997,0.6142697881828316,0.4152223059532781,0.49550359712230213,4327,346,776,551,4226
