Feature,Coefficient,Absolute_Coefficient,Odds_Ratio
categorical__EDUCATION_4,-0.87064768423819,0.87064768423819,0.4186802887876709
scaled_numeric__N_DELAY_MONTHS,0.46677766915217656,0.46677766915217656,1.594846780359813
log_numeric__LIMIT_BAL,-0.38658031205462307,0.38658031205462307,0.679376161088222
numeric__PAY_0,0.31308032378544026,0.31308032378544026,1.36763137994533
categorical__MARRIAGE_2,-0.12834885331549434,0.12834885331549434,0.8795464929084331
numeric__PAY_2,-0.12479580857629619,0.12479580857629619,0.8826771192822742
numeric__PAY_4,-0.10104657985873651,0.10104657985873651,0.903890928793494
log_numeric__PAY_AMT3,-0.08420201374091511,0.08420201374091511,0.919245537107092
log_numeric__BILL_AMT6,0.07994960535500722,0.07994960535500722,1.0832324771833035
log_numeric__PAY_AMT1,-0.0765746814523589,0.0765746814523589,0.9262837354910048
categorical__SEX_2,-0.07320584358394441,0.07320584358394441,0.9294094973522797
log_numeric__BILL_AMT4,0.07154561912401415,0.07154561912401415,1.0741671521481295
log_numeric__BILL_AMT3,0.06460812021905764,0.06460812021905764,1.0667409082704626
numeric__PAY_6,-0.0600763835728294,0.0600763835728294,0.9416926009916787
categorical__EDUCATION_2,0.05640987903137212,0.05640987903137212,1.0580312597015809
log_numeric__PAY_AMT2,-0.056230801789040254,0.056230801789040254,0.9453209289484701
log_numeric__BILL_AMT2,0.05322822489665111,0.05322822489665111,1.0546703196790577
log_numeric__PAY_AMT6,-0.05138684077643004,0.05138684077643004,0.9499111350871251
numeric__PAY_5,-0.04435452795233768,0.04435452795233768,0.9566147506787204
log_numeric__PAY_AMT5,-0.0442165092237416,0.0442165092237416,0.9567467905421427
log_numeric__BILL_AMT5,-0.03794588719305314,0.03794588719305314,0.9627650374002467
categorical__EDUCATION_3,-0.03575014938210221,0.03575014938210221,0.9648813395680016
log_numeric__PAY_AMT4,-0.032603290111440156,0.032603290111440156,0.9679224678482504
numeric__PAY_3,-0.026893701704218544,0.026893701704218544,0.9734647136648492
scaled_numeric__AGE,0.0268170468117669,0.0268170468117669,1.0271798597413975
log_numeric__BILL_AMT1,0.016415618011094295,0.016415618011094295,1.0165510945636855
categorical__MARRIAGE_3,-0.009140591221066842,0.009140591221066842,0.9909010569898448
